code,企業名,翌1M収益率
1301,極洋,-0.657894737
1332,日本水産,7.608695652
1333,マルハニチロ,8.382352941
1352,ホウスイ,0.17211704
1376,カネコ種苗,5.908513342
1377,サカタのタネ,6.640106242
1379,ホクト,-4.592592593
1384,ホクリョウ,-9.19199407
1413,ヒノキヤグループ,8.228730823
1414,ショーボンドホールディングス,5.477707006
1417,ミライト・ホールディングス,2.361275089
1419,タマホーム,-22.87270252
1420,サンヨーホームズ,9.309967141
1429,日本アクア,5.011933174
1430,ファーストコーポレーション,-1.204819277
1433,べステラ,-1.972872996
1435,TATERU,-23.5945835
1514,住石ホールディングス,4.375
1515,日鉄鉱業,8.441558442
1518,三井松島産業,3.698811096
1605,国際石油開発帝石,6.572948328
1606,日本海洋掘削,-4.977600796
1662,石油資源開発,17.20872787
1663,Ｋ＆Ｏエナジーグループ,3.703703704
1712,ダイセキ環境ソリューション,7.164179104
1716,第一カッター興業,8.648901356
1719,安藤・間,10.11235955
1720,東急建設,1.471861472
1721,コムシスホールディングス,7.394366197
1722,ミサワホーム,4.391891892
1726,ビーアールホールディングス,7.197943445
1762,高松コンストラクショングループ,-1.956882255
1766,東建コーポレーション,-0.535795714
1768,ソネック,2.454780362
1780,ヤマウラ,1.124859393
1801,大成建設,9.444444444
1802,大林組,8.419243986
1803,清水建設,13.98527865
1805,飛島建設,-0.564971751
1808,長谷工コーポレーション,6.54725139
1810,松井建設,9.296482412
1811,錢高組,8.565737052
1812,鹿島建設,6.889564336
1813,不動テトラ,-1.058201058
1814,大末建設,-1.047619048
1815,鉄建建設,7.36497545
1820,西松建設,14.29112964
1821,三井住友建設,6.349206349
1822,大豊建設,11.91275168
1824,前田建設工業,7.729083665
1826,佐田建設,4.565217391
1827,ナカノフドー建設,-1.111111111
1833,奥村組,8.10488677
1835,東鉄工業,0.306748466
1847,イチケン,2.467586784
1852,淺沼組,0.751879699
1860,戸田建設,17.25032425
1861,熊谷組,9.064327485
1865,青木あすなろ建設,7.433808554
1866,北野建設,-1.965601966
1867,植木組,0.075815011
1868,三井ホーム,7.374631268
1870,矢作建設工業,6.106870229
1871,ピーエス三菱,3.879310345
1873,日本ハウスホールディングス,1.349382586
1878,大東建託,-0.734094617
1879,新日本建設,5.099394987
1881,ＮＩＰＰＯ,1.783542764
1882,東亜道路工業,-3.694581281
1883,前田道路,9.953488372
1884,日本道路,4.798464491
1885,東亜建設工業,24
1888,若築建設,5.093996361
1890,東洋建設,7.142857143
1893,五洋建設,11.03979461
1898,世紀東急工業,2.325581395
1899,福田組,2.380952381
1909,日本ドライケミカル,3.495630462
1911,住友林業,6.506447831
1914,日本基礎技術,-4.44E-14
1916,日成ビルド工業,6.980392157
1919,ヤマダ・エスバイエルホーム,-27.55102041
1921,巴コーポレーション,12.26765799
1925,大和ハウス工業,-2.195121951
1926,ライト工業,8.469945355
1928,積水ハウス,3.218331617
1929,日特建設,2.272727273
1930,北陸電気工事,4.745470233
1934,ユアテック,13.00236407
1937,西部電気工業,0.66596565
1939,四電工,-0.149925037
1941,中電工,5.839416058
1942,関電工,6.930693069
1944,きんでん,8.39954597
1945,東京エネシス,7.852965748
1946,トーエネック,9.98389694
1949,住友電設,9.436619718
1950,日本電設工業,6.888361045
1951,協和エクシオ,0.140548138
1952,新日本空調,2.076777848
1954,日本工営,-0.618238022
1956,ＮＤＳ,-4.600219058
1959,九電工,-1.912045889
1961,三機工業,2.693602694
1963,日揮,16.03284356
1964,中外炉工業,0.237610319
1967,ヤマト,-2.105263158
1968,太平電業,4.005880191
1969,高砂熱学工業,6.397134084
1972,三晃金属工業,-1.39275766
1973,ＮＥＣネッツエスアイ,3.389830508
1975,朝日工業社,2.857142857
1976,明星工業,13.2780083
1979,大気社,9.770114943
1980,ダイダン,12.82488283
1982,日比谷総合設備,8.032536858
1983,東芝プラントシステム,-0.30527693
2001,日本製粉,8.368708308
2002,日清製粉グループ本社,13.46609768
2003,日東富士製粉,-0.834202294
2004,昭和産業,4.627621114
2009,鳥越製粉,2.725366876
2053,中部飼料,14.17979611
2060,フィード・ワン,12.96296296
2107,東洋精糖,3.544929926
2108,日本甜菜製糖,3.279386712
2109,三井製糖,6.569343066
2112,塩水港精糖,0.377358491
2117,日新製糖,2.388915432
2120,LIFULL,-6.986444213
2124,ジェイエイシーリクルートメント,-2.065026362
2127,日本Ｍ＆Ａセンター,-12.29508197
2130,メンバーズ,-11.35822081
2139,中広,8.049113233
2151,タケエイ,3.081664099
2154,トラスト・テック,0.285714286
2157,コシダカホールディングス,-8.791208791
2168,パソナグループ,-21.104877
2169,ＣＤＳ,3.291316527
2170,リンクアンドモチベーション,-13.77708978
2174,GCA,6.820682068
2175,エス・エム・エス,-8.48952591
2181,パーソルホールディングス,-15.89660743
2183,リニカル,-10.16524787
2193,クックパッド,6.688963211
2196,エスクリ,-3.428571429
2198,アイ・ケイ・ケイ,-0.380228137
2201,森永製菓,13.76734258
2204,中村屋,3.632478632
2206,江崎グリコ,6.104129264
2207,名糖産業,11.83134047
2209,井村屋グループ,-13.97153946
2211,不二家,6.570199452
2212,山崎製パン,8.605072464
2215,第一屋製パン,4.010238908
2217,モロゾフ,-0.59970015
2220,亀田製菓,4.86381323
2222,寿スピリッツ,-6.964285714
2229,カルビー,4.829545455
2264,森永乳業,11.20092379
2266,六甲バター,15.08355321
2267,ヤクルト本社,-0.889453621
2269,明治ホールディングス,8.395061728
2270,雪印メグミルク,14.52902329
2281,プリマハム,9.672131148
2282,日本ハム,9.747706422
2286,林兼産業,3.510895884
2288,丸大食品,5.068226121
2292,エスフーズ,3.599550056
2296,伊藤ハム米久ホールディングス,7.567567568
2301,学情,-8.1132947
2305,スタジオアリス,-5.429341548
2309,シミックホールディングス,-6.75074184
2317,システナ,-5.239179954
2325,ＮＪＳ,0.934579439
2326,デジタルアーツ,5.231143552
2327,新日鉄住金ソリューションズ,4.276315789
2331,綜合警備保障,2.851711027
2335,キューブシステム,-5.937136205
2337,いちご,4.273504274
2352,エイジア,-7.133757962
2353,日本駐車場開発,5.142857143
2359,コア,8.983799705
2371,カカクコム,12.29860365
2372,アイロムグループ,-14.8534202
2374,セントケア・ホールディング,4.979811575
2376,サイネックス,2.777777778
2378,ルネサンス,-1.497160558
2379,ディップ,-21.12759644
2384,ＳＢＳホールディングス,-1.301518438
2389,オプトホールディング,-0.787878788
2395,新日本科学,-6.632653061
2398,ツクイ,4.468599034
2410,キャリアデザインセンター,-3.043691703
2413,エムスリー,-13.28451883
2418,ツカダ・グローバルホールディング,4.025764895
2424,ブラス,-9.948717949
2427,アウトソーシング,-3.049421661
2428,ウェルネット,4.33244916
2429,ワールドホールディングス,-12.71929825
2432,ディー・エヌ・エー,8.59375
2433,博報堂ＤＹホールディングス,4.647983595
2440,ぐるなび,0.944032367
2445,エスアールジータカミヤ,3.048780488
2453,ジャパンベストレスキューシステム,-18.83182276
2461,ファンコミュニケーションズ,-2.961918195
2462,ライク,-13.81578947
2464,ビジネス・ブレークスルー,-4.384133612
2475,ＷＤＢホールディングス,-9.25684485
2485,ティア,4.057971014
2487,ＣＤＧ,-0.63058329
2491,バリューコマース,16.64335664
2492,インフォマート,-2.154750245
2501,サッポロホールディングス,0.967741935
2502,アサヒグループホールディングス,-2.311628728
2503,キリンホールディングス,8.490732568
2531,宝ホールディングス,11.93903472
2533,オエノンホールディングス,-2.922755741
2540,養命酒製造,2.674467196
2579,コカ・コーラ　ボトラーズジャパンホールディングス,7.167235495
2587,サントリー食品インターナショナル,4.255319149
2590,ダイドーグループホールディングス,2.098950525
2593,伊藤園,5.031712474
2594,キーコーヒー,3.763696999
2597,ユニカフェ,4.151291513
2599,ジャパンフーズ,0.951086957
2602,日清オイリオグループ,7.692307692
2607,不二製油グループ本社,9.501557632
2612,かどや製油,-2.012383901
2613,Ｊ−オイルミルズ,4.132231405
2651,ローソン,-0.275862069
2659,サンエー,-4.893964111
2664,カワチ薬品,-2.636606802
2670,エービーシー・マート,2.853067047
2674,ハードオフコーポレーション,5.180388529
2676,高千穂交易,-13.93442623
2678,アスクル,-3.905160391
2681,ゲオホールディングス,5.281690141
2685,アダストリア,-12.30982019
2686,ジーフット,3.650586701
2687,シー・ヴイ・エス・ベイエリア,7.00280112
2692,伊藤忠食品,7.205623902
2695,くらコーポレーション,8.093278464
2698,キャンドゥ,0.442233278
2715,エレマテック,-4.947409427
2726,パルグループホールディングス,1.83299389
2729,ＪＡＬＵＸ,1.286173633
2730,エディオン,3.877221325
2733,あらた,9.060402685
2734,サーラコーポレーション,5.900621118
2735,ワッツ,4.245709124
2737,トーメンデバイス,0.962566845
2742,ハローズ,5.015432099
2749,ＪＰホールディングス,6.796116505
2753,あみやき亭,-5.457746479
2760,東京エレクトロン　デバイス,9.6875
2764,ひらまつ,0.589390963
2767,フィールズ,2.489270386
2768,双日,5.865102639
2784,アルフレッサ ホールディングス,2.027027027
2791,大黒天物産,3.860294118
2792,ハニーズホールディングス,2.747791953
2796,ファーマライズホールディングス,12.00631912
2801,キッコーマン,10.86448598
2802,味の素,4.207792208
2809,キユーピー,-11.63837894
2810,ハウス食品グループ本社,9.052333805
2811,カゴメ,5.62248996
2812,焼津水産化学工業,0.637450199
2815,アリアケジャパン,10.3286385
2818,ピエトロ,-1.139088729
2819,エバラ食品工業,-0.236966825
2871,ニチレイ,7.653061224
2874,横浜冷凍,6.220095694
2875,東洋水産,4.484848485
2882,イートアンド,-5.31220876
2883,大冷,-2.884615385
2884,ヨシムラ・フード・ホールディングス,-36.43835616
2897,日清食品ホールディングス,9.078590786
2899,永谷園ホールディングス,0.480439259
2904,一正蒲鉾,14.72545757
2908,フジッコ,5.263157895
2910,ロック・フィールド,-3.176669749
2914,日本たばこ産業,-4.223744292
2915,ケンコーマヨネーズ,9.728183119
2918,わらべや日洋ホールディングス,5.179584121
2922,なとり,0.934579439
2924,イフジ産業,0.770218228
2925,ピックルスコーポレーション,12.02247191
2930,北の達人コーポレーション,6.624203822
2931,ユーグレナ,-1.851851852
3001,片倉工業,0.651701665
3002,グンゼ,11.60862355
3003,ヒューリック,1.378122308
3004,神栄,0.482758621
3023,ラサ商事,2.106430155
3028,アルペン,1.391817798
3030,ハブ,2.912621359
3031,ラクーン,3.486793503
3034,クオール,7.714422616
3036,アルコニックス,-7.562235791
3038,神戸物産,10.3950104
3040,ソリトンシステムズ,7.003610108
3046,ジンズ,0.337837838
3048,ビックカメラ,7.407407407
3050,ＤＣＭ　ホールディングス,0.925925926
3053,ペッパーフードサービス,28.45528455
3064,ＭｏｎｏｔａＲＯ,0.130890052
3067,東京一番フーズ,1.736613603
3073,DDホールディングス,-22.87323944
3076,あい　ホールディングス,-1.214984813
3079,ディーブイエックス,5.146476643
3082,きちり,0.412087912
3085,アークランドサービスホールディングス,-3.502266172
3086,Ｊ．フロント　リテイリング,-1.879491432
3087,ドトール・日レスホールディングス,-8.186195827
3088,マツモトキヨシホールディングス,8.555555556
3091,ブロンコビリー,15.76819407
3092,スタートトゥデイ,11.18930331
3093,トレジャー・ファクトリー,2.534854246
3097,物語コーポレーション,8.265213442
3098,ココカラファイン,9.078404402
3099,三越伊勢丹ホールディングス,3.747870528
3101,東洋紡,1.667460696
3103,ユニチカ,8.408408408
3104,富士紡ホールディングス,9.585492228
3105,日清紡ホールディングス,8.106219427
3106,倉敷紡績,8.059701493
3107,ダイワボウホールディングス,6.752411576
3109,シキボウ,6.312548114
3110,日東紡績,4.964539007
3116,トヨタ紡織,5.631868132
3132,マクニカ・富士エレホールディングス,-2.084418968
3134,Ｈａｍｅｅ,-6.924647443
3139,ラクト・ジャパン,41.51724138
3141,ウエルシアホールディング,17.90575916
3148,クリエイトＳＤホールディングス,14.60592914
3151,バイタルケーエスケー・ホールディングス,2.483285578
3153,八洲電機,7.64774044
3154,メディアスホールディングス,-1.162790698
3156,ＵＫＣホールディングス,4.426377597
3157,ジューテックホールディングス,-0.526315789
3159,丸善ＣＨＩホールディングス,1.714285714
3160,大光,1.662707838
3166,ＯＣＨＩ ホールディングス,4.234297812
3167,ＴＯＫＡＩホールディングス,3.153988868
3169,ミサワ,0.702576112
3172,ティーライフ,7.005838198
3173,Cominix,-5.780933063
3175,エー・ピーカンパニー,-2.589395808
3176,三洋貿易,6.376668314
3178,チムニー,-1.694915254
3179,シュッピン,-2.987421384
3180,ビューティガレージ,-20.5474738
3183,ウイン・パートナーズ,-1.935914553
3186,株式会社ネクステージ,-8.543531326
3191,ジョイフル本田,0
3193,鳥貴族,-8.135048232
3194,キリン堂ホールディングス,66.29401901
3196,ホットランド,3.814510097
3197,すかいらーくホールディングス,5.091383812
3199,綿半ホールディングス,-6.060606061
3201,日本毛織,9.291187739
3202,ダイトウボウ,-4.716981132
3204,トーア紡コーポレーション,1.903114187
3205,ダイドーリミテッド,4.269662921
3221,ヨシックス,-5.84045584
3222,ユナイテッド・スーパーマーケット・ホールディングス,27.14412025
3228,三栄建築設計,-17.48438894
3230,スター・マイカ,-3.261312678
3231,野村不動産ホールディングス,8.200636943
3232,三重交通グループホールディングス,-0.761904762
3244,サムティ,9.72972973
3245,ディア・ライフ,10.29962547
3246,コーセーアールイー,1.61987041
3250,エー・ディー・ワークス,-4.761904762
3252,日本商業開発,4.05561993
3254,プレサンスコーポレーション,3.650990099
3258,ユニゾホールディングス,1.39588988
3271,ＴＨＥグローバル社,5.855338691
3276,日本管理センター,-0.494743352
3277,サンセイランディック,5.691699605
3280,エストラスト,7.948442535
3284,フージャースホールディングス,5.345501956
3288,オープンハウス,-7.272727273
3289,東急不動産ホールディングス,11.22580645
3291,飯田グループホールディングス,7.696177062
3294,イーグランド,-1.821192053
3299,ムゲンエステート,3.725782414
3302,帝国繊維,13.08874566
3313,ブックオフコーポレーション,0.120048019
3315,日本コークス工業,8.333333333
3319,ゴルフダイジェスト・オンライン,14.96138996
3321,ミタチ産業,-20.80965909
3328,ＢＥＥＮＯＳ,-4.893494531
3333,あさひ,3.230769231
3341,日本調剤,1.641791045
3349,コスモス薬品,13.98795739
3360,シップヘルスケアホールディングス,1.466666667
3361,トーエル,-1.391527429
3366,一六堂,0.945626478
3371,ソフトクリエイトホールディングス,18.25068871
3376,オンリー,5.531453362
3382,セブン＆アイ・ホールディングス,5.280455741
3385,薬王堂,-4.887218045
3387,クリエイト・レストランツ・ホールディングス,9.587955626
3388,明治電機工業,3.988439306
3391,ツルハホールディングス,3.691496374
3392,デリカフーズホールディングス,0.313479624
3393,スターティアホールディングス,-11.81818182
3395,サンマルクホールディングス,0.649350649
3396,フェリシモ,-1.223902088
3397,トリドールホールディングス,-5.161290323
3401,帝人,2.99850075
3402,東レ,1.539990065
3405,クラレ,0.774336283
3407,旭化成,7.755539671
3408,サカイオーベックス,-8.081194944
3415,TOKYO BASE,-24.55902307
3421,稲葉製作所,4.415011038
3431,宮地エンジニアリンググループ,5.824284304
3433,トーカロ,5.088666153
3434,アルファ,3.242617255
3436,ＳＵＭＣＯ,-3.154121864
3443,川田テクノロジーズ,10.97560976
3445,アールエステクノロジーズ,5.631659056
3452,ビーロット,-13.09216193
3454,ファーストブラザーズ,-12.85347044
3457,ハウスドゥ,14.24501425
3458,シーアールイー,-1.152579583
3465,ケイアイスター不動産,8.86405959
3501,住江織物,0.419727177
3512,日本フエルト,0
3513,イチカワ,2.762430939
3521,エコナックホールディングス,-2.362204724
3524,日東製網,-2.242722735
3526,芦森工業,6.917688266
3529,アツギ,3.697478992
3538,ウイルプラスホールディングス,5.027932961
3543,コメダホールディングス,8.996539792
3544,サツドラホールディングス,10.04608295
3546,ダイユー・リックホールディングス,-11.59929701
3548,バロックジャパンリミテッド,9.419600381
3549,クスリのアオキホールディングス,-2.594033722
3551,ダイニック,-0.751879699
3553,共和レザー,2.296450939
3561,力の源ホールディングス,-6.62037037
3563,スシローグローバルホールディングス,10.29126214
3564,LIXILビバ,-2.400384061
3569,セーレン,6.391545043
3571,ソトー,-2.86259542
3577,東海染工,2.393980848
3580,小松精練,-3.333333333
3591,ワコールホールディングス,7.792207792
3593,ホギメディカル,6.169965076
3606,レナウン,2.22E-14
3607,クラウディアホールディングス,-9.593495935
3608,ＴＳＩホールディングス,13.78413524
3611,マツオカコーポレーション,-5.754276827
3626,TIS,3.087885986
3627,ネオス,-2.22E-14
3630,電算システム,5.247225025
3632,グリー,0
3635,コーエーテクモホールディングス,8.710298364
3636,三菱総合研究所,14.30700447
3639,ボルテージ,-2.286902287
3640,電算,-1.181933305
3648,ＡＧＳ,-7.531380753
3649,ファインデックス,13.67521368
3654,ヒト・コミュニケーションズ,13.08615049
3655,ブレインパッド,-9.962470147
3656,ＫＬａｂ,8.705745792
3657,ポールトゥウィン・ピットクルーホールディングス,-2.238417491
3658,イーブックイニシアティブジャパン,-7.555898227
3659,ネクソン,-9.488636364
3660,アイスタイル,-1.685772084
3661,エムアップ,35.7400722
3662,エイチーム,-9.96835443
3666,テクノスジャパン,1.050420168
3667,ｅｎｉｓｈ,17.27574751
3668,コロプラ,-10.47516199
3669,モバイルクリエイト,4.507042254
3672,オルトプラス,-15.56420233
3673,ブロードリーフ,-1.323251418
3675,クロス・マーケティンググループ,-2.469135802
3676,デジタルハーツホールディングス,-4.44E-14
3678,メディアドゥホールディングス,6.366630077
3681,ブイキューブ,11.46616541
3683,サイバーリンクス,-6.199021207
3686,ディー・エル・イー,3.225806452
3687,フィックスターズ,-19.07514451
3688,ＶＯＹＡＧＥ　ＧＲＯＵＰ,-11.87077385
3694,オプティム,3.241296519
3696,セレス,19.69792322
3708,特種東海製紙,5.672009864
3724,ベリサーブ,-3.975535168
3738,ティーガイア,3.343465046
3741,セック,-4.755293301
3751,日本アジアグループ,3.766478343
3756,豆蔵ホールディングス,-1.822323462
3762,テクマトリックス,-4.69988675
3763,プロシップ,1.642335766
3765,ガンホー・オンライン・エンターテイメント,-8.563535912
3769,ＧＭＯペイメントゲートウェイ,2.551984877
3770,ザッパラス,0
3771,システムリサーチ,5.949137148
3774,インターネットイニシアティブ,-4.07974038
3778,さくらインターネット,3.820816864
3784,ヴィンクス,16.05734767
3788,ＧＭＯクラウド,4.724750759
3817,ＳＲＡホールディングス,3.436988543
3822,Ｍｉｎｏｒｉソリューションズ,14.83253589
3826,システムインテグレータ,10.4743083
3834,朝日ネット,2.173913043
3835,ｅＢＡＳＥ,1.975683891
3836,アバント,-1.565995526
3837,アドソル日進,1.998462721
3843,フリービット,-14.86154222
3844,コムチュア,-7.79054917
3852,サイバーコム,2.755194219
3853,インフォテリア,3.215686275
3861,王子ホールディングス,12.57309942
3863,日本製紙,5.589123867
3864,三菱製紙,5.34351145
3865,北越コーポレーション,-0.29154519
3877,中越パルプ工業,1.678028317
3878,巴川製紙所,7.553956835
3880,大王製紙,2.333333333
3896,阿波製紙,6.393442623
3902,メディカル・データ・ビジョン,-30.26200873
3903,ｇｕｍｉ,-5.493482309
3909,ショーケース・ティービー,-18.76056338
3912,モバイルファクトリー,-20.01287001
3916,デジタル・インフォメーション・テクノロジー,-10.76807229
3918,ＰＣＩホールディングス,-0.165562914
3919,バイプドHD,-29.19808088
3920,アイビーシー,-19.9231262
3921,ネオジャパン,-16.95710456
3926,オープンドア,-11.36659436
3928,マイネット,-0.625978091
3932,アカツキ,-6.336633663
3934,ベネフィットジャパン,-9.16271722
3937,Ubicomホールディングス,-8.826479438
3938,LINE,-5.106888361
3941,レンゴー,2.502720348
3946,トーモク,-4.519774011
3950,ザ・パック,2.726146221
3963,シンクロ・フード,-16.46341463
3964,オークネット,-3.66598778
3975,AOI TYO Holdings,2.269692924
3978,マクロミル,-6.550632911
3981,ビーグリー,3.802733214
3983,オロ,-3.286384977
4004,昭和電工,-18.77777778
4005,住友化学,1.451612903
4008,住友精化,2.946954813
4021,日産化学,10.29411765
4022,ラサ工業,5.688763517
4023,クレハ,7.503607504
4025,多木化学,7.268464244
4027,テイカ,2.592329545
4028,石原産業,-3.379416283
4031,片倉コープアグリ,1.46460537
4033,日東エフシー,1.239669421
4041,日本曹達,4.651162791
4042,東ソー,-6.992337165
4043,トクヤマ,-3.545051699
4044,セントラル硝子,4.882970137
4045,東亞合成,3.351955307
4046,大阪ソーダ,8.896797153
4047,関東電化工業,-5.560704356
4061,デンカ,9.677419355
4062,イビデン,14.40303222
4063,信越化学工業,-1.11E-14
4064,日本カーバイド工業,9.478908189
4078,堺化学工業,2.541159628
4088,エア・ウォーター,1.83044316
4091,大陽日酸,0.744878957
4092,日本化学工業,-2.005730659
4093,東邦アセチレン,-4.402515723
4095,日本パーカライジング,-0.172612198
4097,高圧ガス工業,8.474576271
4098,チタン工業,6.329113924
4099,四国化成工業,-1.52768937
4100,戸田工業,2.22E-14
4109,ステラ　ケミファ,14.7566719
4112,保土谷化学工業,-3.215767635
4114,日本触媒,3.047091413
4116,大日精化工業,2.164009112
4118,カネカ,2.464454976
4151,協和発酵キリン,1.583226359
4182,三菱瓦斯化学,0.980776775
4183,三井化学,-6.408345753
4185,ＪＳＲ,-13.70664438
4186,東京応化工業,1.048492792
4187,大阪有機化学工業,4.678362573
4188,三菱ケミカルホールディングス,0.873362445
4189,KHネオケム,3.912363067
4202,ダイセル,8.950086059
4203,住友ベークライト,5.431309904
4204,積水化学工業,4.525862069
4205,日本ゼオン,-7.607282185
4206,アイカ工業,4.568527919
4208,宇部興産,7.568438003
4212,積水樹脂,3.245348334
4215,タキロンシーアイ,-3.463203463
4216,旭有機材,4.914285714
4217,日立化成,-0.783505155
4218,ニチバン,0.286532951
4220,リケンテクノス,4.733727811
4221,大倉工業,4.258943782
4228,積水化成品工業,21.46985962
4229,群栄化学工業,4.279600571
4231,タイガースポリマー,-3.135888502
4238,ミライアル,-0.454250487
4245,ダイキアクシス,-6.54725139
4246,ダイキョーニシカワ,13.01605505
4248,竹本容器,13.19272126
4249,森六ホールディングス,2.86591607
4272,日本化薬,4.896710023
4275,カーリットホールディングス,-1.566820276
4282,ＥＰＳホールディングス,2.059496568
4284,ソルクシーズ,13.88349515
4286,レッグス,1.449275362
4290,プレステージ・インターナショナル,-2.096273292
4295,フェイス,-5.108877722
4299,ハイマックス,-1.766784452
4301,アミューズ,5.970149254
4307,野村総合研究所,12.1031746
4310,ドリームインキュベータ,-12.31859602
4312,サイバネットシステム,4.594921403
4318,クイック,-5.307409354
4319,ＴＡＣ,-11.7816092
4320,ＣＥホールディングス,9.929078014
4321,ケネディクス,-4.229607251
4323,日本システム技術,-1.058201058
4324,電通,10.92077088
4326,インテージホールディングス,1.697792869
4331,テイクアンドギヴ・ニーズ,-2.874049028
4333,東邦システムサイエンス,6.12244898
4337,ぴあ,21.65137615
4343,イオンファンタジー,8.474576271
4344,ソースネクスト,1.56046814
4345,シーティーエス,-2.038216561
4346,ネクシィーズグループ,-0.348027842
4350,メディカルシステムネットワーク,0.871080139
4362,日本精化,1.544715447
4368,扶桑化学工業,1.528384279
4369,トリケミカル研究所,-10
4401,ＡＤＥＫＡ,1.355578728
4403,日油,3.815580286
4404,ミヨシ油脂,1.388888889
4406,新日本理化,-1.158301158
4410,ハリマ化成グループ,9.987669544
4452,花王,-1.57874953
4461,第一工業製薬,-20.68571429
4462,石原ケミカル,-11.8907563
4463,日華化学,2.274573517
4465,ニイタカ,0.887902331
4471,三洋化成工業,3.7111334
4502,武田薬品工業,-10.84314104
4503,アステラス製薬,-0.526641884
4506,大日本住友製薬,11.70212766
4507,塩野義製薬,2.604261519
4508,田辺三菱製薬,0.192307692
4512,わかもと製薬,3.558718861
4514,あすか製薬,-0.179425837
4516,日本新薬,14.60674157
4517,ビオフェルミン製薬,-0.66596565
4519,中外製薬,7.434944238
4521,科研製薬,3.184713376
4523,エーザイ,8.317357322
4526,理研ビタミン,-1.11E-14
4527,ロート製薬,7.394957983
4528,小野薬品工業,-23.05707347
4530,久光製薬,3.519417476
4531,有機合成薬品工業,0.99009901
4534,持田製薬,3.20855615
4536,参天製薬,7.580174927
4538,扶桑薬品工業,3.891050584
4539,日本ケミファ,-2.010582011
4540,ツムラ,8.891928865
4541,日医工,4.537313433
4543,テルモ,10.91234347
4544,みらかホールディングス,2.767749699
4547,キッセイ薬品工業,7.652173913
4548,生化学工業,-6.340206186
4549,栄研化学,-3.432835821
4550,日水製薬,4.148471616
4551,鳥居薬品,6.160968661
4552,ＪＣＲファーマ,-5.271828666
4553,東和薬品,4.661654135
4554,富士製薬工業,-12.47484909
4555,沢井製薬,1.498929336
4559,ゼリア新薬工業,5.686090226
4568,第一三共,6.352807714
4569,キョーリン製薬ホールディングス,7.253626813
4574,大幸薬品,3.596059113
4577,ダイト,-3.080872914
4578,大塚ホールディングス,7.562394445
4581,大正製薬ホールディングス,0.286806883
4587,ぺプチドリーム,-18.82998172
4611,大日本塗料,-0.386597938
4612,日本ペイントホールディングス,14.72471191
4613,関西ペイント,-0.564971751
4615,神東塗料,-6.882591093
4617,中国塗料,3.448275862
4619,日本特殊塗料,7.580037665
4620,藤倉化成,0.59347181
4626,太陽ホールディングス,2.078774617
4631,ＤＩＣ,4.347826087
4633,サカタインクス,7.445442875
4634,東洋インキＳＣ ホールディングス,2.424242424
4636,Ｔ＆Ｋ　ＴＯＫＡ,3.158705701
4641,アルプス技研,5.944625407
4651,サニックス,1.119402985
4653,ダイオーズ,11.10210697
4658,日本空調サービス,3.604806409
4661,オリエンタルランド,0.460193281
4662,フォーカスシステムズ,-1.272534464
4665,ダスキン,2.298850575
4666,パーク２４,8.695652174
4668,明光ネットワークジャパン,-3.348909657
4671,ファルコホールディングス,0.378378378
4674,クレスコ,5.898876404
4676,フジ・メディア・ホールディングス,-1.101928375
4678,秀英予備校,0.416666667
4679,田谷,-1.192250373
4680,ラウンドワン,-5.463182898
4681,リゾートトラスト,1.83609494
4684,オービック,3.615819209
4686,ジャストシステム,0.115740741
4687,TDCソフト,-6.923625981
4689,ヤフー,-8.906882591
4694,ビー・エム・エル,2.098674521
4696,ワタベウェディング,-1.733102253
4704,トレンドマイクロ,3.307086614
4708,りらいあコミュニケーションズ,4.351087772
4709,インフォメーション・ディベロプメント,-7.930367505
4714,リソー教育,5.771643664
4716,日本オラクル,4.046242775
4718,早稲田アカデミー,6.451612903
4719,アルファシステムズ,-0.087796313
4722,フューチャー,-4.822908817
4725,ＣＡＣ　Ｈｏｌｄｉｎｇｓ,2.690166976
4726,ソフトバンク・テクノロジー,-8.767268863
4728,トーセ,-26.60996355
4732,ユー・エス・エス,7.023255814
4733,オービックビジネスコンサルタント,17.76798825
4739,伊藤忠テクノソリューションズ,1.930848675
4743,アイティフォー,-7.211028632
4745,東京個別指導学院,6.637168142
4746,東計電算,0
4751,サイバーエージェント,14.17769376
4755,楽天,-13.22433545
4762,エックスネット,0.900900901
4763,クリーク・アンド・リバー社,12.17887726
4767,テー・オー・ダブリュー,1.933404941
4768,大塚商会,-4.850746269
4775,総合メディカル,-15.50413223
4776,サイボウズ,-0.182149362
4779,ソフトブレーン,-3.289473684
4801,セントラルスポーツ,-3.737113402
4809,パラカ,4.770090245
4812,電通国際情報サービス,-1.152234637
4819,デジタルガレージ,2.387640449
4820,イーエムシステムズ,-1.747720365
4825,ウェザーニューズ,2.518518519
4826,ＣＩＪ,6.41025641
4828,東洋ビジネスエンジニアリング,2.114635504
4829,日本エンタープライズ,1.801801802
4839,ＷＯＷＯＷ,2.989536622
4845,スカラ,1.618929016
4848,フルキャストホールディングス,-9.802431611
4901,富士フイルムホールディングス,3.769140165
4902,コニカミノルタ,3.070175439
4911,資生堂,4.388668722
4912,ライオン,10.21931871
4914,高砂香料工業,9.10543131
4917,マンダム,7.629427793
4919,ミルボン,1.275239107
4921,ファンケル,10.39794608
4922,コーセー,-9.070498428
4923,コタ,0.65828845
4924,シーズ・ホールディングス,-0.566037736
4926,シーボン,-1.71875
4927,ポーラ・オルビスホールディングス,9.633027523
4928,ノエビアホールディングス,2.737940026
4929,アジュバンコスメジャパン,-5.523255814
4951,エステー,6.692913386
4955,アグロ　カネショウ,7.222222222
4956,コニシ,7.074340528
4958,長谷川香料,16.53426018
4963,星光ＰＭＣ,11.04129264
4967,小林製薬,20.18229167
4968,荒川化学工業,6.097560976
4971,メック,6.035983749
4973,日本高純度化学,-1.856148492
4974,タカラバイオ,4.872047244
4975,ＪＣＵ,-1.975503753
4977,新田ゼラチン,5.816831683
4979,ＯＡＴアグリオ,9.261744966
4980,デクセリアルズ,-6.696832579
4985,アース製薬,2.31316726
4992,北興化学工業,-5.479452055
4994,大成ラミック,0.317460317
4996,クミアイ化学工業,8.879851329
4997,日本農薬,13.57827476
5002,昭和シェル石油,7.356002776
5009,富士興産,-0.325732899
5011,ニチレキ,-2.034174125
5013,ユシロ化学工業,4.495677233
5015,ビーピー・カストロール,3.779244151
5017,富士石油,7.857142857
5018,ＭＯＲＥＳＣＯ,11.20640366
5019,出光興産,5.933250927
5020,JXTGホールディングス,10.98337735
5021,コスモエネルギーホールディングス,4.934687954
5101,横浜ゴム,4.953308973
5105,東洋ゴム工業,2.074235808
5108,ブリヂストン,-0.756920415
5110,住友ゴム工業,0.256147541
5121,藤倉ゴム工業,0.128865979
5122,オカモト,0.366300366
5142,アキレス,4.076958314
5185,フコク,-0.199004975
5186,ニッタ,5.309734513
5187,クリエートメディック,5.82010582
5191,住友理工,6.313834726
5192,三ツ星ベルト,6.287170773
5195,バンドー化学,7.875307629
5201,AGC,3.064699205
5202,日本板硝子,4.55075846
5204,石塚硝子,-1.069306931
5208,有沢製作所,6.085192698
5210,日本山村硝子,-0.529100529
5214,日本電気硝子,-0.158227848
5218,オハラ,-2.693069307
5232,住友大阪セメント,6.144067797
5233,太平洋セメント,7.24450194
5261,リソルホールディングス,0.807381776
5262,日本ヒューム,6.099110546
5269,日本コンクリート工業,3.174603175
5273,三谷セキサン,0.681909346
5288,アジアパイルホールディング,-2.127659574
5301,東海カーボン,-16.71714113
5302,日本カーボン,-7.87037037
5310,東洋炭素,-3.139013453
5331,ノリタケカンパニーリミテド,1.626898048
5332,ＴＯＴＯ,10.69518717
5333,日本ガイシ,9.705561614
5334,日本特殊陶業,10.02731174
5337,ダントーホールディングス,-9.615384615
5344,ＭＡＲＵＷＡ,7.600950119
5351,品川リフラクトリーズ,5.762347888
5352,黒崎播磨,0.396825397
5357,ヨータイ,-4.135338346
5358,イソライト工業,9.938650307
5363,東京窯業,1.411764706
5367,ニッカトー,5.432595573
5384,フジミインコーポレーテッド,2.993492408
5388,クニミネ工業,-1.685393258
5391,エーアンドエーマテリアル,4.677419355
5393,ニチアス,2.662721893
5401,新日鐵住金,2.075754333
5406,神戸製鋼所,6.191369606
5408,中山製鋼所,6.206896552
5410,合同製鐵,20.45028143
5411,ジェイ　エフ　イー　ホールディングス,5.178446466
5413,日新製鋼,14.55546814
5423,東京製鐵,7.01754386
5440,共英製鋼,24.37295529
5444,大和工業,10.09485095
5445,東京鐵鋼,9.935897436
5449,大阪製鐵,8.165137615
5451,淀川製鋼所,8.960948396
5453,東洋鋼鈑,0.280112045
5463,丸一鋼管,15.05376344
5464,モリ工業,5.422647528
5471,大同特殊鋼,9.191176471
5476,日本高周波鋼業,4.567901235
5480,日本冶金工業,1.374570447
5481,山陽特殊製鋼,4.456928839
5482,愛知製鋼,8.600917431
5486,日立金属,-0.158982512
5491,日本金属,-1.551362683
5541,大平洋金属,20.3125
5563,新日本電工,9.226190476
5602,栗本鐵工所,1.185770751
5603,虹技,1.210898083
5612,日本鋳鉄管,3.726708075
5631,日本製鋼所,6.038291605
5632,三菱製鋼,8.374183007
5658,日亜鋼業,0.859598854
5659,日本精線,-2.834008097
5702,大紀アルミニウム工業所,1.879194631
5703,日本軽金属ホールディングス,3.157894737
5706,三井金属鉱業,-3.623188406
5707,東邦亜鉛,0.395256917
5711,三菱マテリアル,4.375
5713,住友金属鉱山,4.866071429
5714,ＤＯＷＡホールディングス,8.398950131
5715,古河機械金属,11.28463476
5721,エス・サイエンス,3.846153846
5726,大阪チタニウムテクノロジーズ,-1.160541586
5727,東邦チタニウム,11.55737705
5741,ＵＡＣＪ,4.358974359
5757,ＣＫサンエツ,7.456978967
5801,古河電気工業,-5.429071804
5802,住友電気工業,3.44933785
5803,フジクラ,3.878116343
5805,昭和電線ホールディングス,-0.736067298
5807,東京特殊電線,-10.08645533
5809,タツタ電線,3.527607362
5819,カナレ電気,7.036535859
5821,平河ヒューテック,8.949704142
5851,リョービ,-0.392436675
5852,アーレスティ,5.738575983
5857,アサヒホールディングス,1.413427562
5901,東洋製罐グループホールディングス,8.912768647
5902,ホッカンホールディングス,4.255319149
5909,コロナ,0.077220077
5911,横河ブリッジホールディングス,6.08348135
5912,ＯＳＪＢホールディングス,12.23776224
5915,駒井ハルテック,-0.638977636
5923,高田機工,1.449275362
5929,三和ホールディングス,2.62199563
5930,文化シヤッター,5.324298161
5932,三協立山,2.202643172
5933,アルインコ,-0.727934486
5936,東洋シヤッター,5.095541401
5938,ＬＩＸＩＬグループ,3.240740741
5942,日本フイルコン,-5.112781955
5943,ノーリツ,3.798126951
5946,長府製作所,2.644041042
5947,リンナイ,7.821782178
5949,ユニプレス,7.522859518
5951,ダイニチ工業,-5.937136205
5957,日東精工,12.42857143
5958,三洋工業,0.43062201
5959,岡部,4.312938816
5970,ジーテクト,3.3203125
5974,中国工業,0.260756193
5975,東プレ,11.68831169
5976,高周波熱錬,1.469237833
5981,東京製綱,12.32159848
5985,サンコール,-1.11E-14
5986,モリテック　スチール,-11.57760814
5988,パイオラックス,10.11477762
5989,エイチワン,-4.175665947
5991,日本発条,7.377777778
5992,中央発條,1.156069364
5998,アドバネクス,-38.17010309
6005,三浦工業,-0.596125186
6013,タクマ,3.264604811
6028,テクノプロ・ホールディングス,-0.780031201
6029,アトラ,0.693756194
6032,インターワークス,-0.87040619
6036,ＫｅｅＰｅｒ技研,5.731523379
6037,ファーストロジック,-3.678929766
6044,三機サービス,-1.385041551
6047,Ｇｕｎｏｓｙ,-41.71142141
6048,デザインワン・ジャパン,27.13891444
6050,イー・ガーディアン,-15.75
6054,リブセンス,-12.47706422
6055,ジャパンマテリアル,5.289855072
6058,ベクトル,-13.84364821
6059,ウチヤマホールディングス,9.764309764
6065,ライクキッズネクスト,-15.33898305
6070,キャリアリンク,-1.933216169
6071,ＩＢＪ,-9.107635695
6073,アサンテ,-1.108312343
6077,N・フィールド,3.308270677
6078,バリューＨＲ,3.74732334
6080,Ｍ＆Ａキャピタルパートナーズ,-12.20865705
6082,ライドオンエクスプレスホールディングス,2.22E-14
6083,ＥＲＩホールディングス,8.426966292
6087,アビスト,-7.350096712
6088,シグマクシス,-11.41787553
6089,ウィルグループ,-10.58271936
6093,エスクロー・エージェント・ジャパン,-7.708779443
6097,日本ビューホテル,0.400221074
6098,リクルートホールディングス,-4.443183967
6099,エラン,-11.54916512
6101,ツガミ,-1.046337818
6103,オークマ,0.159744409
6104,東芝機械,-2.673796791
6113,アマダホールディングス,1.93498452
6118,アイダエンジニアリング,-0.388802488
6121,滝澤鉄工所,-2.223345124
6134,FUJI,-5.614203455
6135,牧野フライス製作所,3.907815631
6136,オーエスジー,-0.573300573
6138,ダイジェット工業,1.481103166
6140,旭ダイヤモンド工業,-5.892857143
6141,ＤＭＧ森精機,3.47082495
6143,ソディック,-2.79971285
6146,ディスコ,-15.9912854
6151,日東工器,-2.140672783
6157,日進工具,-4.487179487
6165,パンチ工業,4.67372134
6167,冨士ダイス,-2.829268293
6171,土木管理総合試験所,-3.005008347
6178,日本郵政,3.825136612
6183,ベルシステム24ホールディングス,11.22384274
6184,鎌倉新書,2.297297297
6186,一蔵,3.842264914
6187,LITALICO,-5.100286533
6189,グローバルグループ,-3.549848943
6191,エボラブルアジア,-8.71559633
6196,ストライク,3.495440729
6197,ソラスト,-1.624915479
6199,セラク,6.542056075
6200,インソース,-7.22513089
6201,豊田自動織機,0.465838509
6203,豊和工業,-1.776198934
6205,OKK,2.714932127
6208,石川製作所,3.76984127
6210,東洋機械金属,-1.47601476
6217,津田駒工業,2.118644068
6218,エンシュウ,-3.144654088
6222,島精機製作所,-5.818673884
6235,オプトラン,-11.69590643
6236,NCホールディングス,6.14379085
6238,フリュー,-4.863221884
6240,ヤマシンフィルタ,-11.16038433
6247,日阪製作所,12.65700483
6250,やまびこ,12.9403307
6258,平田機工,6.134969325
6262,ペガサスミシン製造,3.225806452
6268,ナブテスコ,-3.65408039
6269,三井海洋,9.326814592
6272,レオン自動機,-6.299212598
6273,ＳＭＣ,-3.134432319
6274,新川,-14.05312768
6277,ホソカワミクロン,-0.816326531
6278,ユニオンツール,2.396804261
6282,オイレス工業,4.6799117
6284,日精エー・エス・ビー機械,-7.98376184
6287,サトーホールディングス,-8.618127786
6289,技研製作所,-15.34883721
6291,日本エアーテック,2.880184332
6292,カワタ,-7.142857143
6293,日精樹脂工業,-2.070393375
6294,オカダアイヨン,12.31101512
6298,ワイエイシイホールディングス,5.416248746
6301,小松製作所,5.723146321
6302,住友重機械工業,3.841387856
6305,日立建機,-2.923264312
6306,日工,6.236466003
6309,巴工業,-1.168809922
6310,井関農機,0.332068311
6315,ＴＯＷＡ,-6.496199032
6316,丸山製作所,1.548318206
6317,北川鉄工所,3.024714128
6319,シンニッタン,9.375
6323,ローツェ,4.711375212
6325,タカキタ,4.974489796
6326,クボタ,-0.67132116
6328,荏原実業,7.961783439
6330,東洋エンジニアリング,12.98315164
6331,三菱化工機,3.398278206
6332,月島機械,2.32712766
6333,帝国電機製作所,4.481434059
6335,東京機械製作所,-4.243542435
6339,新東工業,5.59566787
6340,澁谷工業,-2.219321149
6345,アイチコーポレーション,7.586206897
6349,小森コーポレーション,3.949329359
6351,鶴見製作所,13.62179487
6355,住友精密工業,-3.535353535
6358,酒井重工業,-0.213903743
6361,荏原製作所,8.408796895
6362,石井鐵工所,2.7154047
6363,酉島製作所,3.015075377
6364,北越工業,3.307223673
6366,千代田化工建設,12.25099602
6367,ダイキン工業,9.118023008
6368,オルガノ,6.697819315
6369,トーヨーカネツ,9.461663948
6370,栗田工業,5.185185185
6371,椿本チエイン,9.699769053
6373,大同工業,3.652653343
6376,日機装,12.54512635
6378,木村化工機,1.425661914
6379,新興プランテック,7.62800418
6381,アネスト岩田,1.127493495
6383,ダイフク,-7.692307692
6387,サムコ,-4.321455648
6390,加藤製作所,4.903964038
6393,油研工業,6.638418079
6395,タダノ,5.956112853
6406,フジテック,8.642857143
6407,ＣＫＤ,-2.534854246
6409,キトー,6.498740554
6412,平和,1.729780271
6413,理想科学工業,10.65118627
6417,ＳＡＮＫＹＯ,2.533333333
6418,日本金銭機械,6.104901118
6419,マースエンジニアリング,-0.892857143
6420,福島工業,10.5320304
6428,オーイズミ,9.560229446
6430,ダイコク電機,2.782509938
6432,竹内製作所,5.726315789
6436,アマノ,-5.224660397
6440,ＪＵＫＩ,6.488294314
6444,サンデンホールディングス,4.245591117
6445,蛇の目ミシン工業,1.25
6448,ブラザー工業,-4.731095835
6454,マックス,4.319180088
6455,モリタホールディングス,6.653426018
6457,グローリー,-0.658761528
6458,新晃工業,6.22754491
6459,大和冷機工業,-5.524861878
6460,セガサミーホールディングス,6.587537092
6461,日本ピストンリング,-0.722673893
6462,リケン,5.518394649
6463,ＴＰＲ,8.130081301
6464,ツバキ・ナカシマ,-6.168359942
6465,ホシザキ,8.886509636
6470,大豊工業,-2.830809743
6471,日本精工,3.085553997
6472,ＮＴＮ,8.783783784
6473,ジェイテクト,12.62690355
6474,不二越,-11.76470588
6479,ミネベアミツミ,-3.301056338
6480,日本トムソン,-4.941176471
6481,ＴＨＫ,-12.95454545
6482,ユーシン精機,-9.727851766
6485,前澤給装工業,-1.18373649
6486,イーグル工業,6.055734191
6489,前澤工業,11.95121951
6490,日本ピラー工業,0.252844501
6498,キッツ,0.328227571
6501,日立製作所,3.995848469
6503,三菱電機,-1.234205113
6504,富士電機,8.287292818
6505,東洋電機製造,2.901785714
6506,安川電機,-7.357512953
6507,シンフォニアテクノロジー,6.593406593
6508,明電舎,6.403940887
6513,オリジン電気,5.297233667
6516,山洋電気,15.32846715
6517,デンヨー,0.78905839
6538,キャリアインデックス,1.578137028
6539,MS-Japan,-5.308464849
6540,船場,0.833965125
6546,フルテック,-11.01928375
6547,グリーンズ,1.199494949
6584,三櫻工業,4.812834225
6586,マキタ,-5.384615385
6588,東芝テック,-0.318471338
6590,芝浦メカトロニクス,-7.383966245
6592,マブチモーター,5.34351145
6594,日本電産,4.575960952
6615,ユー・エム・シー・エレクトロニクス,11.0274746
6616,トレックス・セミコンダクター,-6.21761658
6617,東光高岳,9.700176367
6619,ダブル・スコープ,8.372093023
6620,宮越ホールディングス,24.87922705
6622,ダイヘン,4.283965728
6624,田淵電機,2.909090909
6630,ヤーマン,-1.159301494
6632,ＪＶＣケンウッド,7.887323944
6638,ミマキエンジニアリング,9.113924051
6640,第一精工,-2.26963232
6641,日新電機,11.76470588
6644,大崎電気工業,2.05655527
6645,オムロン,-5.111821086
6651,日東工業,14.12121212
6652,ＩＤＥＣ,-2.172226532
6654,不二電機工業,1.605839416
6674,ジーエス・ユアサコーポレーション,1.724137931
6675,サクサホールディングス,0.756501182
6676,メルコホールディングス,11.49584488
6678,テクノメディカ,2.803738318
6701,日本電気,0.468070879
6702,富士通,1.695174099
6703,沖電気工業,4.890148831
6704,岩崎通信機,9.681697613
6706,電気興業,4.905063291
6707,サンケン電気,-9.511568123
6715,ナカヨ,0.844327177
6718,アイホン,0.605060506
6723,ルネサスエレクトロニクス,7.289719626
6724,セイコーエプソン,8.672659968
6727,ワコム,3.551401869
6728,アルバック,-1.340033501
6730,アクセル,-13.91129032
6737,ＥＩＺＯ,2.594810379
6740,ジャパンディスプレイ,-24.87046632
6741,日本信号,4.949494949
6742,京三製作所,7.317073171
6744,能美防災,3.42405619
6745,ホーチキ,10.39678553
6748,星和電機,1.78041543
6750,エレコム,-3.266430539
6752,パナソニック,7.297830375
6753,シャープ,1.100628931
6754,アンリツ,9.589041096
6755,富士通ゼネラル,-5.937992643
6758,ソニー,4.935872522
6762,ＴＤＫ,-1.459854015
6763,帝国通信工業,2.024922118
6768,タムラ製作所,2.457002457
6770,アルプス電気,-6.901840491
6771,池上通信機,3.636363636
6773,パイオニア,-2.840909091
6779,日本電波工業,3.153153153
6785,鈴木,0.090826521
6788,日本トリム,-17
6789,ローランド　ディー．ジー．,3.879134341
6794,フォスター電機,-1.000384763
6796,クラリオン,-7.228915663
6798,ＳＭＫ,-12.21719457
6800,ヨコオ,17.96315251
6803,ティアック,-1.11E-14
6804,ホシデン,-3.458425313
6806,ヒロセ電機,5.471956224
6807,日本航空電子工業,24.38538206
6809,ＴＯＡ,-2.050113895
6810,マクセルホールディングス,4.198841699
6814,古野電気,21.21621622
6815,ユニデンホールディングス,0.735294118
6816,アルパイン,3.541147132
6817,スミダ　コーポレーション,9.011627907
6820,アイコム,4.860313816
6823,リオン,-8.72581234
6826,本多通信工業,7.572815534
6839,船井電機,-0.263504611
6841,横河電機,9.82711556
6844,新電元工業,-1.849217639
6845,アズビル,2.926337033
6848,東亜ディーケーケー,0.727272727
6849,日本光電工業,5.87639311
6850,チノー,10.42654028
6853,共和電業,3.80952381
6855,日本電子材料,4.642409034
6856,堀場製作所,-3.276699029
6857,アドバンテスト,17.54149843
6858,小野測器,-0.351288056
6859,エスペック,1.57480315
6861,キーエンス,1.408237432
6866,日置電機,24.18397626
6869,シスメックス,0.414937759
6871,日本マイクロニクス,6.911636045
6875,メガチップス,-7.702349869
6877,ＯＢＡＲＡ　ＧＲＯＵＰ,3.015873016
6879,イマジカ・ロボット ホールディングス,0.830564784
6901,澤藤電機,2.43902439
6902,デンソー,-1.099656357
6905,コーセル,-0.539811066
6908,イリソ電子工業,6.278713629
6911,新日本無線,19.9488491
6914,オプテックスグループ,17.21807186
6915,千代田インテグレ,1.086519115
6916,アイ・オー・データ機器,1.795332136
6920,レーザーテック,-6.649616368
6923,スタンレー電気,0.890585242
6924,岩崎電気,1.947656726
6925,ウシオ電機,8.1232493
6926,岡谷電機産業,-1.298701299
6927,ヘリオス テクノ ホールディング,-2.547770701
6929,日本セラミック,-1.188455008
6932,遠藤照明,-2.285714286
6937,古河電池,0.303643725
6938,双信電機,6.132075472
6941,山一電機,3.791469194
6947,図研,3.615279673
6951,日本電子,-3.983656793
6952,カシオ計算機,2.963430013
6954,ファナック,-12.61127596
6958,日本シイエムケイ,5.87529976
6961,エンプラス,-10.97046414
6962,大真空,2.431372549
6963,ローム,0.888450148
6965,浜松ホトニクス,4.975124378
6966,三井ハイテック,1.895135818
6967,新光電気工業,7.528230866
6971,京セラ,16.55562958
6973,協栄産業,-0.921187308
6976,太陽誘電,8.097615086
6981,村田製作所,-4.941660947
6985,ユーシン,-3.835978836
6986,双葉電子工業,3.943145346
6988,日東電工,2.155928804
6989,北陸電気工業,-1.785714286
6995,東海理化電機製作所,0.504818724
6996,ニチコン,2.992518703
6997,日本ケミコン,2.044907779
6999,KOA,9.090909091
7003,三井E&Sホールディングス,8.670520231
7004,日立造船,9.174311927
7011,三菱重工業,6.18556701
7012,川崎重工業,6.686046512
7013,ＩＨＩ,8.623298033
7014,名村造船所,12.81198003
7022,サノヤスホールディングス,5.138339921
7102,日本車輌製造,-0.673400673
7105,三菱ロジスネクスト,5.586592179
7122,近畿車輛,5.030674847
7148,ＦＰＧ,1.305293691
7150,島根銀行,-2.834302326
7161,じもとホールディングス,1.595744681
7164,全国保証,-3.104925054
7167,めぶきフィナンシャルグループ,3.91198044
7173,東京きらぼしフィナンシャルグループ,14.30264718
7180,九州フィナンシャルグループ,2.281368821
7181,かんぽ生命保険,7.895791583
7182,ゆうちょ銀行,4.201680672
7184,富山第一銀行,-0.201207243
7186,コンコルディア・フィナンシャルグループ,8.517887564
7187,ジェイリース,-3.294117647
7189,西日本フィナンシャルホールディングス,6.564019449
7190,マーキュリアインベストメント,-2.350813743
7191,イントラスト,-9.468223087
7198,アルヒ,3.144654088
7201,日産自動車,4.302536232
7202,いすゞ自動車,2.573529412
7203,トヨタ自動車,5.216117216
7205,日野自動車,-2.337472608
7211,三菱自動車工業,7.227332457
7212,エフテック,3.628117914
7213,レシップホールディングス,-5.200945626
7214,ＧＭＢ,-1.470588235
7215,ファルテック,5.467511886
7220,武蔵精密工業,6.815020862
7222,日産車体,5.30098832
7224,新明和工業,40.34285714
7226,極東開発工業,10.72112317
7230,日信工業,4.624591948
7231,トピー工業,4.677419355
7236,ティラド,-0.127064803
7238,曙ブレーキ工業,-1.398601399
7239,タチエス,4.308985812
7240,ＮＯＫ,8.906098742
7241,フタバ産業,-2.447163515
7242,KYB,4.752475248
7244,市光工業,3.732638889
7245,大同メタル工業,6.209150327
7246,プレス工業,-0.157977883
7247,ミクニ,-1.092043682
7250,太平洋工業,6.211604096
7251,ケーヒン,-0.36900369
7256,河西工業,11.74764322
7259,アイシン精機,2.76816609
7261,マツダ,8.176324209
7266,今仙電機製作所,0.410509031
7267,本田技研工業,2.923497268
7269,スズキ,2.809773124
7270,SUBARU,5.506165759
7271,安永,0.255645505
7272,ヤマハ発動機,10.06289308
7274,ショーワ,-8.644729504
7276,小糸製作所,-0.406504065
7277,ＴＢＫ,8.251473477
7278,エクセディ,10.58122206
7280,ミツバ,17.19092904
7282,豊田合成,12.12611156
7283,愛三工業,-0.790166813
7284,盟和産業,0.604229607
7291,日本プラスト,12.32279171
7294,ヨロズ,5.471803462
7296,エフ・シー・シー,3.713616594
7305,新家工業,0.854295206
7309,シマノ,-5.215123859
7313,テイ・エス　テック,5.693950178
7408,ジャムコ,12.35504014
7414,小野建,3.502155172
7416,はるやまホールディングス,3.923444976
7419,ノジマ,7.634194831
7420,佐鳥電機,1.461187215
7421,カッパ・クリエイト,4.965089216
7427,エコートレーディング,3.156384505
7433,伯東,2.816901408
7438,コンドーテック,-1.171458999
7442,中山福,-0.789473684
7445,ライトオン,11.25401929
7447,ナガイレーベン,-0.651577503
7448,ジーンズメイト,0.477326969
7451,三菱食品,4.754098361
7453,良品計画,5.182072829
7455,三城ホールディングス,-0.382409178
7456,松田産業,-5.518650996
7458,第一興商,1.95035461
7459,メディパルホールディングス,7.844036697
7463,アドヴァン,1.111111111
7466,ＳＰＫ,-1.736111111
7467,萩原電気ホールディングス,-5.581395349
7475,アルビス,4.005722461
7476,アズワン,9.734513274
7480,スズデン,-3.605200946
7481,尾家産業,4.331013148
7482,シモジマ,3.758741259
7483,ドウシシャ,4.078303426
7487,小津産業,5.244601146
7494,コナカ,1.365187713
7504,高速,5.361305361
7506,ハウス　オブ　ローゼ,1.486563751
7508,Ｇ−７ホールディングス,-1.21703854
7510,たけびし,-0.46484602
7512,イオン北海道,1.012658228
7513,コジマ,42.81524927
7514,ヒマラヤ,-4.697452229
7516,コーナン商事,12.44584482
7518,ネットワンシステムズ,8.626001232
7520,エコス,50.72933549
7522,ワタミ,5.848787447
7524,マルシェ,1.245330012
7525,リックス,-1.843971631
7527,システムソフト,-4.761904762
7532,ドンキホーテホールディングス,-3.436988543
7537,丸文,-0.304568528
7545,西松屋チェーン,12.09341118
7550,ゼンショーホールディグス,5.202312139
7552,ハピネット,-0.913242009
7554,幸楽苑ホールディングス,0.32485111
7561,ハークスレイ,-0.46339203
7570,橋本総業ホールディングス,3.507763082
7575,日本ライフライン,4.193548387
7581,サイゼリヤ,-16.40264026
7591,エクセル,2.562225476
7593,ＶＴホールディングス,-8.103130755
7594,マルカキカイ,5.660377358
7595,アルゴグラフィックス,3.338171263
7596,魚力,2.254545455
7599,IDOM,5.319148936
7600,日本エム・ディ・エム,2.010050251
7601,ポプラ,0.668896321
7605,フジ・コーポレーション,-10.86657497
7606,ユナイテッドアローズ,-1.585365854
7607,進和,16.33393829
7608,エスケイジャパン,-28.60727729
7609,ダイトロン,2.05078125
7611,ハイデイ日高,7.614021862
7613,シークス,-6.300553427
7615,京都きもの友禅,-1.694915254
7616,コロワイド,11.80722892
7618,ピーシーデポコーポレーション,-0.554785021
7619,田中商事,3.079178886
7628,オーハシテクニカ,4.608294931
7630,壱番屋,3.986332574
7637,白銅,-0.630063006
7640,トップカルチャー,0.809716599
7646,ＰＬＡＮＴ,-2.861230329
7649,スギホールディングス,8.319185059
7701,島津製作所,-0.534759358
7702,ＪＭＳ,1.913875598
7709,クボテック,2.22E-14
7715,長野計器,8.26446281
7717,ブイ・テクノロジー,-6.163934426
7718,スター精密,-0.858152448
7721,東京計器,4.871567759
7723,愛知時計電機,-0.360144058
7725,インターアクション,5
7727,オーバル,-0.653594771
7729,東京精密,-2.561117579
7730,マニー,5.200945626
7731,ニコン,0.632911392
7732,トプコン,4.95907559
7733,オリンパス,1.113861386
7734,理研計器,6.341673857
7735,ＳＣＲＥＥＮホールディングス,-7.68442623
7739,キヤノン電子,7.695560254
7740,タムロン,-0.803571429
7741,ＨＯＹＡ,10.49952875
7743,シード,6.204891775
7744,ノーリツ鋼機,9.2283214
7745,エー・アンド・デイ,5.167173252
7751,キヤノン,-1.635089541
7752,リコー,1.902949572
7762,シチズン時計,7.329842932
7769,リズム時計工業,-0.042301184
7775,大研医器,-2.21642764
7780,メニコン,8.320726172
7782,シンシア,1.54494382
7811,中本パックス,-8.251953125
7816,スノーピーク,5.474452555
7817,パラマウントベッドホールディングス,0.184162063
7818,トランザクション,-2.052785924
7819,ＳＨＯ−ＢＩ,4.854368932
7820,ニホンフラッシュ,10.30969845
7821,前田工繊,-3.25203252
7822,永大産業,-0.545454545
7823,アートネイチャー,5.337078652
7832,バンダイナムコホールディングス,6.294706724
7833,アイフィスジャパン,5.671641791
7838,共立印刷,3.631284916
7839,ＳＨＯＥＩ,-2.166064982
7840,フランスベッドホールディングス,4.777070064
7844,マーベラス,3.073545554
7846,パイロットコーポレーション,0.84317032
7856,萩原工業,9.323935558
7860,エイベックス,1.204013378
7862,トッパン・フォームズ,2.605042017
7864,フジシールインターナショナル,-4.88372093
7867,タカラトミー,-1.465201465
7868,廣済堂,-8.869565217
7872,Ａｓ - ｍｅエステール,-9.703779367
7873,アーク,0.806451613
7874,レック,-0.900900901
7885,タカノ,3.451995685
7893,プロネクサス,9.343629344
7897,ホクシン,0.543478261
7898,ウッドワン,2.715877437
7905,大建工業,9.394904459
7908,きもと,-0.974025974
7911,凸版印刷,4.925544101
7912,大日本印刷,7.279344859
7913,図書印刷,1.985370951
7914,共同印刷,2.44648318
7915,NISSHA,-9.323519103
7916,光村印刷,0.654129191
7917,藤森工業,-1.328021248
7918,ヴィア・ホールディングス,-6.114130435
7921,宝印刷,6.512605042
7925,前澤化成工業,3.879310345
7936,アシックス,5.231081767
7937,ツツミ,0.293111871
7942,ＪＳＰ,6.296851574
7943,ニチハ,7.011070111
7947,エフピコ,-3.151862464
7949,小松ウオール工業,-15.06946918
7951,ヤマハ,13.15508021
7952,河合楽器製作所,0.847457627
7955,クリナップ,9.693251534
7956,ピジョン,6.763787721
7958,天馬,2.502453386
7961,兼松サステック,6.305367379
7962,キングジム,4.985337243
7965,象印マホービン,-3.475409836
7966,リンテック,2.427184466
7970,信越ポリマー,-7.794508415
7971,東リ,0.257069409
7972,イトーキ,5.90778098
7974,任天堂,-1.472471191
7976,三菱鉛筆,-9.132610509
7979,松風,1.044568245
7981,タカラスタンダード,4.026845638
7984,コクヨ,-5.685618729
7987,ナカバヤシ,3.262642741
7988,ニフコ,6.198347107
7989,立川ブラインド工業,-1.225806452
7990,グローブライド,13.08161709
7994,オカムラ,2.344827586
7995,日本バルカー工業,2.511880516
7999,ＭＵＴＯＨホールディングス,2.285002077
8001,伊藤忠商事,6.169852407
8002,丸紅,7.052864008
8005,スクロール,4.750593824
8007,高島,0.688389169
8008,ヨンドシーホールディングス,-2.212549873
8011,三陽商会,9.439655172
8012,長瀬産業,3.767313019
8013,ナイガイ,0.88028169
8014,蝶理,0.047687172
8015,豊田通商,9.153952843
8016,オンワードホールディングス,-2.058504875
8018,三共生興,0.404040404
8020,兼松,14.6374829
8022,美津濃,9.752321981
8025,ツカモトコーポレーション,0.078431373
8028,ユニー・ファミリーマートホールディングス,18.63839286
8029,ルックホールディングス,9.935897436
8031,三井物産,8.449931413
8032,日本紙パルプ商事,5.937136205
8035,東京エレクトロン,5.196102923
8036,日立ハイテクノロジーズ,0.988142292
8037,カメイ,1.742627346
8038,東都水産,-1.366396761
8041,ＯＵＧホールディングス,1.475037821
8043,スターゼン,6.153846154
8050,セイコーホールディングス,10.99456099
8051,山善,-0.270027003
8052,椿本興業,0.145772595
8053,住友商事,9.966499162
8056,日本ユニシス,-0.653879686
8057,内田洋行,5.709342561
8058,三菱商事,5.765199161
8059,第一実業,8.589951378
8060,キヤノンマーケティングジャパン,-17.36256089
8061,西華産業,4.204204204
8065,佐藤商事,5.741216795
8068,菱洋エレクトロ,4.676674365
8070,東京産業,-0.709219858
8074,ユアサ商事,-0.142450142
8075,神鋼商事,-6.391478029
8077,小林産業,-1.124147298
8078,阪和興業,6.919642857
8079,正栄食品工業,4.881512444
8081,カナデン,-7.308743169
8084,菱電商事,4.917095483
8086,ニプロ,2.732595966
8087,フルサト工業,0.98630137
8088,岩谷産業,2.926208651
8089,すてきナイスグループ,2.217602218
8090,昭光通商,0.900900901
8091,ニチモウ,1.966292135
8093,極東貿易,3.966597077
8095,イワキ,-2.392344498
8096,兼松エレクトロニクス,11.55698234
8097,三愛石油,10.15974441
8098,稲畑産業,3.96039604
8101,ＧＳＩクレオス,3.041825095
8103,明和産業,6.868686869
8107,キムラタン,-6.818181818
8111,ゴールドウイン,8.463949843
8113,ユニ・チャーム,1.518653021
8114,デサント,10.12507445
8118,キング,3.311258278
8125,ワキタ,-2.693602694
8127,ヤマトインターナショナル,-1.453957997
8129,東邦ホールディングス,6.783719074
8130,サンゲツ,2.586206897
8131,ミツウロコグループホールディングス,9.328358209
8132,シナネンホールディングス,8.590138675
8133,伊藤忠エネクス,7.507507508
8136,サンリオ,4.345576824
8137,サンワテクノス,-14.06663141
8140,リョーサン,6.388526728
8141,新光商事,8.054452638
8142,トーホー,11.04502974
8150,三信電気,1.973382285
8151,東陽テクニカ,1.664932362
8153,モスフードサービス,4.574132492
8154,加賀電子,-1.848495832
8155,三益半導体工業,0.36344756
8158,ソーダニッカ,-4.057591623
8159,立花エレテック,-0.711912672
8160,木曽路,3.424408015
8163,SRSホールディングス,1.778242678
8165,千趣会,-3.535353535
8166,タカキュー,1.904761905
8168,ケーヨー,2.697841727
8173,上新電機,16.6023166
8174,日本瓦斯,8.651911469
8179,ロイヤルホールディングス,2.549087151
8181,東天紅,9.750692521
8182,いなげや,-0.274876306
8184,島忠,3.970588235
8185,チヨダ,-1.572444777
8194,ライフコーポレーション,-6.816632584
8200,リンガーハット,7.561665993
8201,さが美グループホールディングス,-2.459016393
8203,MrMaxHD,8.309037901
8207,テンアライド,0.847457627
8214,ＡＯＫＩホールディングス,2.946593002
8217,オークワ,8.348623853
8218,コメリ,3.175723359
8219,青山商事,0.596658711
8227,しまむら,-4.207362885
8230,はせがわ,1.875
8233,高島屋,-7.933398629
8237,松屋,-7.01986755
8242,エイチ・ツー・オー リテイリング,6.166495375
8244,近鉄百貨店,1.694915254
8251,パルコ,-3.856942496
8252,丸井グループ,4.935424354
8253,クレディセゾン,12.36405266
8255,アクシアル　リテイリング,10.25957973
8260,井筒屋,-6.382978723
8267,イオン,15.16188471
8273,イズミ,-0.41322314
8274,東武ストア,2.261221735
8275,フォーバル,-4.956896552
8276,平和堂,1.438010105
8278,フジ,5.749668288
8279,ヤオコー,6.108202443
8281,ゼビオホールディングス,-2.039848197
8282,ケーズホールディングス,7.545887152
8283,ＰＡＬＴＡＣ,-3.859649123
8285,三谷産業,3.393665158
8289,Ｏｌｙｍｐｉｃグループ,0.896057348
8291,日産東京販売ホールディングス,-7.009345794
8303,新生銀行,4.400977995
8304,あおぞら銀行,4.486422668
8306,三菱ＵＦＪフィナンシャル・グループ,5.193687231
8308,りそなホールディングス,10.78291815
8309,三井住友トラスト・ホールディングス,7.870907824
8316,三井住友フィナンシャルグループ,2.063705698
8324,第四銀行,4.468085106
8325,北越銀行,4.698275862
8331,千葉銀行,3.391812865
8334,群馬銀行,5.960264901
8336,武蔵野銀行,8.643815201
8337,千葉興業銀行,10.43478261
8338,筑波銀行,8.571428571
8341,七十七銀行,8.143712575
8342,青森銀行,6.055900621
8343,秋田銀行,5.342706503
8344,山形銀行,2.718776551
8345,岩手銀行,1.90023753
8346,東邦銀行,4.422604423
8349,東北銀行,1.395673412
8350,みちのく銀行,1.83908046
8354,ふくおかフィナンシャルグループ,2.268760908
8355,静岡銀行,10.53677932
8356,十六銀行,1.975308642
8358,スルガ銀行,1.293396869
8359,八十二銀行,1.578947368
8360,山梨中央銀行,10.50228311
8361,大垣共立銀行,3.211351755
8362,福井銀行,5.836909871
8363,北國銀行,5.683192261
8364,清水銀行,4.089219331
8365,富山銀行,3.65535248
8366,滋賀銀行,3.358208955
8367,南都銀行,5.9972106
8368,百五銀行,1.590457256
8369,京都銀行,10.77441077
8370,紀陽銀行,5.627962085
8374,三重銀行,NA
8377,ほくほくフィナンシャルグループ,12.4047124
8379,広島銀行,4.119850187
8381,山陰合同銀行,9.447983015
8382,中国銀行,1.436552275
8383,鳥取銀行,1.519579193
8385,伊予銀行,8.239700375
8386,百十四銀行,2.493074792
8387,四国銀行,6.742323097
8388,阿波銀行,4.985337243
8392,大分銀行,2.292993631
8393,宮崎銀行,7.26172466
8395,佐賀銀行,7.718696398
8396,十八銀行,6.227106227
8397,沖縄銀行,2.449888641
8399,琉球銀行,3.836633663
8410,セブン銀行,8.554572271
8411,みずほフィナンシャルグループ,3.657262278
8416,高知銀行,-0.921658986
8418,山口フィナンシャルグループ,6.211180124
8423,アクリーティブ,1.791044776
8424,芙蓉総合リース,3.626220363
8425,興銀リース,0.833333333
8439,東京センチュリー,3.793626707
8473,ＳＢＩホールディングス,13.72790793
8511,日本証券金融,10.26033691
8515,アイフル,5.113636364
8518,日本アジア投資,-1.11E-14
8521,長野銀行,-0.432198811
8522,名古屋銀行,3.034134008
8524,北洋銀行,4.225352113
8527,愛知銀行,-2.425373134
8529,第三銀行,NA
8530,中京銀行,1.116358952
8537,大光銀行,6.311111111
8541,愛媛銀行,4.682539683
8542,トマト銀行,0.06557377
8543,みなと銀行,NA
8544,京葉銀行,5.473684211
8545,関西アーバン銀行,NA
8550,栃木銀行,1.219512195
8551,北日本銀行,-3.834510595
8558,東和銀行,4.282655246
8562,福島銀行,4.798962387
8563,大東銀行,5.292702486
8566,リコーリース,3.835227273
8570,イオンフィナンシャルサービス,4.948875256
8572,アコム,4.641350211
8584,ジャックス,6.255355613
8585,オリエントコーポレーション,1.19760479
8586,日立キャピタル,9.287579261
8589,アプラスフィナンシャル,4.424778761
8591,オリックス,2.531308287
8593,三菱ＵＦＪリース,11.69871795
8595,ジャフコ,-4.563492063
8596,九州リースサービス,-4.63980464
8600,トモニホールディングス,3.382663848
8601,大和証券グループ本社,-0.884043023
8604,野村ホールディングス,2.730375427
8609,岡三証券グループ,-1.41509434
8613,丸三証券,3.468780971
8614,東洋証券,-1.365187713
8616,東海東京フィナンシャル・ホールディングス,8.163265306
8617,光世証券,1.282051282
8622,水戸証券,1.193317422
8624,いちよし証券,7.865168539
8628,松井証券,10.78838174
8630,SOMPOホールディングス,7.192900514
8692,だいこう証券ビジネス,-9.722222222
8697,日本取引所グループ,3.045685279
8698,マネックスグループ,80.34682081
8703,カブドットコム証券,9.016393443
8706,極東証券,2.145643693
8707,岩井コスモホールディングス,9.312320917
8708,藍澤證券,0
8713,フィデアホールディングス,-1.030927835
8714,池田泉州ホールディングス,8
8715,アニコム ホールディングス,-19.19191919
8725,ＭＳ＆ＡＤインシュアランスグループホールディングス,9.448584203
8729,ソニーフィナンシャルホールディングス,3.254132231
8732,マネーパートナーズグループ,5.023923445
8742,小林洋行,4.285714286
8750,第一生命ホールディングス,11.91763192
8766,東京海上ホールディングス,9.229144667
8769,アドバンテッジリスクマネジメント,-2.838892832
8771,イー・ギャランティ,1.200369344
8772,アサックス,4.730462046
8793,ＮＥＣキャピタルソリューション,1.999024866
8795,Ｔ＆Ｄホールディングス,10.09771987
8798,アドバンスクリエイト,3.382130237
8801,三井不動産,8.909548712
8802,三菱地所,11.34278565
8803,平和不動産,25.17073171
8804,東京建物,3.992514036
8806,ダイビル,5.839416058
8818,京阪神ビルディング,4.489337823
8830,住友不動産,10.52096569
8835,太平洋興発,1.262135922
8840,大京,10.77566187
8841,テーオーシー,12.13872832
8842,東京楽天地,7.450980392
8848,レオパレス２１,7.215332582
8850,スターツコーポレーション,4.562737643
8860,フジ住宅,0.666666667
8864,空港施設,4.44E-14
8869,明和地所,0.399467377
8871,ゴールドクレスト,2.330694811
8876,リログループ,-16.29327902
8877,日本エスリード,-8.071135431
8881,日神不動産,7.310704961
8892,日本エスコン,-6.474103586
8897,タカラレーベン,1.086956522
8904,サンヨーハウジング名古屋,-4.385964912
8905,イオンモール,-0.538116592
8917,ファースト住建,-1.354079064
8918,ランド,-1.11E-14
8919,カチタス,8.895705521
8920,東祥,-2.187120292
8923,トーセイ,5.91949487
8928,穴吹興産,3.267973856
8933,エヌ・ティ・ティ都市開発,-0.692307692
8934,サンフロンティア不動産,13.05460751
8935,エフ・ジェー・ネクスト,-0.11627907
8940,インテリックス,0
8944,ランドビジネス,-1.194029851
8999,グランディハウス,9.090909091
9001,東武鉄道,8.892355694
9003,相鉄ホールディングス,11.03253182
9005,東京急行電鉄,11.03739445
9006,京浜急行電鉄,8.486486486
9007,小田急電鉄,9.660938226
9008,京王電鉄,10.2310231
9009,京成電鉄,9.174311927
9010,富士急行,9.218077475
9014,新京成電鉄,1.171171171
9020,東日本旅客鉄道,6.367876698
9021,西日本旅客鉄道,4.292827345
9022,東海旅客鉄道,9.14058619
9024,西武ホールディングス,-0.161987041
9025,鴻池運輸,4.071661238
9031,西日本鉄道,9.352517986
9037,ハマキョウレックス,6.56424581
9039,サカイ引越センター,8.608058608
9041,近鉄グループホールディングス,7.478890229
9042,阪急阪神ホールディングス,9.37896071
9044,南海電気鉄道,9.339834959
9045,京阪ホールディングス,7.926829268
9046,神戸電鉄,3.641092328
9048,名古屋鉄道,6.491097923
9052,山陽電気鉄道,6.103108415
9058,トランコム,12.77173913
9062,日本通運,16.15168539
9064,ヤマトホールディングス,5.583661233
9065,山九,0.948766603
9066,日新,1.355690332
9067,丸運,-0.295857988
9068,丸全昭和運輸,1.568627451
9069,センコーグループホールディングス,1.690821256
9070,トナミホールディングス,9.697933227
9072,ニッコンホールディングス,4.623655914
9074,日本石油輸送,3.400309119
9075,福山通運,-2.555910543
9076,セイノーホールディングス,4.851889683
9078,エスライン,-9.290416971
9081,神奈川中央交通,-3.520208605
9086,日立物流,-1.973244147
9090,丸和運輸機関,1.105845182
9099,Ｃ＆Ｆロジホールディングス,0.666666667
9101,日本郵船,8.659217877
9104,商船三井,6.045751634
9107,川崎汽船,1.443464314
9110,NS ユナイテッド海運,5.299539171
9115,明治海運,0.46728972
9119,飯野海運,7.072691552
9130,共栄タンカー,0.869092884
9142,九州旅客鉄道,6.042296073
9143,SGホールディングス,5.247311828
9201,日本航空,0.653900047
9202,ＡＮＡホールディングス,5.390966489
9232,パスコ,1.253918495
9260,西本Wismettacホールディングス,-4.731861199
9265,ヤマシタヘルスケアホールディングス,5.473965287
9267,Genky DrugStores,13.21003963
9301,三菱倉庫,12.03539823
9302,三井倉庫ホールディングス,5.325443787
9303,住友倉庫,4.305555556
9304,澁澤倉庫,2.937915743
9305,ヤマタネ,4.774678112
9306,東陽倉庫,-0.269541779
9308,乾汽船,-4.446978335
9310,日本トランスシティ,7.872340426
9312,ケイヒン,-0.659472422
9319,中央倉庫,0.805729633
9322,川西倉庫,12.67217631
9324,安田倉庫,-1.673228346
9351,東洋埠頭,0.116482236
9358,宇徳,1.50862069
9364,上組,3.956228956
9366,サンリツ,3.957783641
9368,キムラユニティー,4.132973944
9369,キユーソー流通システム,5.540897098
9375,近鉄エクスプレス,2.152152152
9380,東海運,-0.248138958
9381,エーアイテイー,3.537532355
9384,内外トランスライン,-2.651113468
9386,日本コンセプト,-0.738255034
9401,東京放送ホールディングス,7.842268498
9404,日本テレビホールディングス,1.803713528
9405,朝日放送グループホールディングス,0.340909091
9409,テレビ朝日ホールディングス,10.81430418
9412,スカパーＪＳＡＴホールディングス,4.393305439
9413,テレビ東京ホールディングス,6.86695279
9414,日本ＢＳ放送,13.96825397
9416,ビジョン,-10.32531825
9418,USEN-NEXT HOLDINGS,3.085714286
9419,ワイヤレスゲート,-0.553250346
9422,コネクシオ,7.275132275
9424,日本通信,1.694915254
9428,クロップス,-2.519167579
9432,日本電信電話,6.224489796
9433,ＫＤＤＩ,8.117062396
9435,光通信,4.409171076
9437,ＮＴＴドコモ,4.362230812
9438,エムティーアイ,-0.455927052
9449,ＧＭＯインターネット,-5.972935138
9466,アイドママーケティングコミュニケーション,-5.923836389
9468,カドカワ,2.073940487
9470,学研ホールディングス,3.649635036
9474,ゼンリン,-1.602136182
9475,昭文社,8.160621762
9479,インプレスホールディングス,-9.777777778
9501,東京電力ホールディングス,27.07317073
9502,中部電力,14.00532269
9503,関西電力,11.92392099
9504,中国電力,6.864274571
9505,北陸電力,23.5619469
9506,東北電力,-0.703729768
9507,四国電力,10.22187005
9508,九州電力,6.624605678
9509,北海道電力,4.160688666
9511,沖縄電力,8.823529412
9513,電源開発,11.0365399
9514,エフオン,11.43905197
9517,イーレックス,4.945717732
9519,レノバ,12.89009498
9531,東京瓦斯,3.916356548
9532,大阪瓦斯,12.12193379
9533,東邦瓦斯,1.529051988
9534,北海道瓦斯,-0.334448161
9535,広島ガス,-1.57480315
9536,西部瓦斯,7.373774065
9543,静岡ガス,3.448275862
9551,メタウォーター,-3.007518797
9600,アイネット,2.509179927
9601,松竹,6.560636183
9602,東宝,3.682719547
9603,エイチ・アイ・エス,3.756476684
9605,東映,6.131260794
9612,ラックランド,10.16088061
9613,エヌ・ティ・ティ・データ,4.151943463
9616,共立メンテナンス,1.571709234
9619,イチネンホールディングス,-1.993355482
9621,建設技術研究所,5.255579554
9622,スペース,1.836734694
9624,長大,-7.878787879
9627,アインホールディングス,-7.553143374
9628,燦ホールディングス,14.5679969
9629,ピー・シー・エー,1.156737999
9632,スバル興業,5.722891566
9633,東京テアトル,2.594670407
9644,タナベ経営,16.48293963
9658,ビジネスブレイン太田昭和,13.86762719
9663,ナガワ,5.044843049
9671,よみうりランド,5.654101996
9672,東京都競馬,6.988564168
9675,常磐興産,0.575614861
9678,カナモト,6.662743252
9681,東京ドーム,5.034550839
9682,ＤＴＳ,7.880434783
9684,スクウェア・エニックス・ホールディングス,-6.36550308
9692,シーイーシー,-5.056179775
9697,カプコン,-8.525445846
9699,西尾レントオール,0.153609831
9702,アイ・エス・ビー,-14.625132
9704,アゴーラ・ホスピタリティー・グループ,-2.777777778
9706,日本空港ビルデング,10.57810578
9715,トランスコスモス,10.42274052
9716,乃村工藝社,-4.260869565
9717,ジャステック,-9.926470588
9719,ＳＣＳＫ,2.067464635
9722,藤田観光,3.75
9726,ＫＮＴ−ＣＴホールディングス,1.607347876
9728,日本管財,-0.66539924
9729,トーカイ,10.33557047
9731,白洋舎,2.903225806
9735,セコム,3.560606061
9739,日本システムウエア,-15.79128047
9740,セントラル警備保障,31.64049449
9742,アイネス,6.227436823
9743,丹青社,0.153846154
9744,メイテック,2.037351443
9746,ＴＫＣ,1.03926097
9749,富士ソフト,-0.58685446
9755,応用地質,5.648957633
9757,船井総研ホールディングス,12.51646904
9759,ＮＳＤ,5.389221557
9760,進学会ホールディングス,4.682274247
9763,丸紅建材リース,0.858369099
9765,オオバ,-0.931677019
9766,コナミホールディングス,-3.756708408
9768,いであ,1.699716714
9769,学究社,4.049295775
9783,ベネッセホールディングス,3.501945525
9787,イオンディライト,-0.38961039
9788,ナック,-4.29769392
9790,福井コンピュータホールディングス,-8.743633277
9792,ニチイ学館,-5.196982397
9793,ダイセキ,16.82082905
9795,ステップ,4.996953077
9810,日鉄住金物産,2.037351443
9824,泉州電業,-0.298209317
9828,元気寿司,-4.877228389
9830,トラスコ中山,9.139173303
9831,ヤマダ電機,-10.03134796
9832,オートバックスセブン,3.811434303
9837,モリト,2.581926514
9842,アークランドサカモト,-2.429378531
9843,ニトリホールディングス,-1.72826376
9850,グルメ杵屋,0.603448276
9854,愛眼,-6.708595388
9856,ケーユーホールディングス,11.76470588
9861,吉野家ホールディングス,-4.688232536
9869,加藤産業,8.322147651
9880,イノテック,4.631083203
9882,イエローハット,3.169572108
9887,松屋フーズ,0.262123198
9889,ＪＢＣＣホールディングス,-0.751173709
9896,ＪＫホールディングス,1.950162514
9900,サガミチェーン,2.10755814
9902,日伝,3.625954198
9919,関西スーパーマーケット,4.694419841
9928,ミロク情報サービス,-1.886792453
9930,北沢産業,-5.901639344
9932,杉本商事,11.30155329
9934,因幡電機産業,-0.425079702
9936,王将フードサービス,4.562737643
9945,プレナス,-8.575581395
9946,ミニストップ,4.222120239
9948,アークス,16.55629139
9956,バローホールディングス,6.076388889
9957,バイテックホールディングス,17.77879342
9960,東テク,8.474576271
9962,ミスミグループ本社,3.731598768
9966,藤久,0.666666667
9972,アルテック,-4.266666667
9974,ベルク,-3.758169935
9979,大庄,2.252519265
9982,タキヒヨー,0.768245839
9983,ファーストリテイリング,11.49398705
9984,ソフトバンクグループ,6.93081761
9986,蔵王産業,-1.33178923
9987,スズケン,7.167235495
9989,サンドラッグ,14.54730417
9990,サックスバー　ホールディングス,2.716914987
9991,ジェコス,-0.452079566
9993,ヤマザワ,1.306076093
9994,やまや,16.09375
9995,ルネサスイーストン,-0.71942446
9997,ベルーナ,1.030927835
